{"score":81,"health":20,"scene":4,"position":[8.649016380310059,4.236291408538818,0.0]}