{"score":3,"health":20,"scene":1,"position":[7.477542400360107,3.2362899780273439,0.0]}