{"score":5,"health":20,"scene":3,"position":[23.3503475189209,6.236288547515869,0.0]}