{"score":2,"health":20,"scene":2,"position":[-1.9999252557754517,1.1490756273269654,0.0]}