{"score":11,"health":15,"scene":1,"position":[54.850914001464847,3.2363266944885256,0.0]}