{"score":65,"health":20,"scene":3,"position":[9.335347175598145,4.2362871170043949,0.0]}