{"score":1,"health":20,"scene":1,"position":[0.8852384090423584,1.1274582147598267,0.0]}