{"score":3,"health":20,"scene":1,"position":[7.588987827301025,3.2362911701202394,0.0]}