{"score":3,"health":20,"scene":2,"position":[20.550344467163087,4.236290454864502,0.0]}