{"score":14,"health":20,"scene":2,"position":[7.715364456176758,-1.763723611831665,0.0]}