{"score":8,"health":10,"scene":3,"position":[34.37241744995117,3.2362895011901857,0.0]}