{"score":18,"health":20,"scene":2,"position":[23.560495376586915,0.23629362881183625,0.0]}