{"score":2,"health":10,"scene":1,"position":[-1.4224414825439454,1.1447488069534302,0.0]}