{"score":54,"health":20,"scene":3,"position":[1.334946870803833,4.918567657470703,0.0]}