{"score":2,"health":20,"scene":3,"position":[-0.6243554353713989,1.1387689113616944,0.0]}