{"score":8,"health":15,"scene":1,"position":[28.889812469482423,6.236290454864502,0.0]}