{"score":35,"health":5,"scene":3,"position":[58.950355529785159,10.236292839050293,0.0]}